,0,1,2,3,4,gt
0,1,1,1,1,0,1
1,1,1,1,1,0,1
2,0,1,0,0,0,0
3,1,1,1,1,1,1
4,0,0,0,0,0,0
5,0,0,0,0,0,0
6,1,0,0,0,0,0
7,1,1,1,1,1,1
8,0,0,0,0,0,0
9,0,0,0,0,0,0
10,0,0,0,0,0,0
11,0,0,0,0,0,0
12,1,1,1,1,0,1
13,1,1,1,1,0,1
14,0,0,0,0,0,0
15,0,1,0,1,0,0
16,0,0,0,0,0,0
17,1,1,1,1,1,1
18,1,1,1,1,0,1
19,1,1,1,1,0,1
20,1,1,1,1,1,1
21,0,1,1,1,0,1
22,1,1,1,1,1,1
23,0,1,1,1,0,1
24,1,1,1,1,1,1
25,1,1,1,1,1,1
26,0,1,1,1,1,1
27,1,1,1,1,0,1
28,1,1,0,0,0,0
29,0,0,1,1,0,0
30,1,1,1,1,1,1
31,1,1,1,1,1,1
32,0,0,0,0,0,0
33,1,1,1,1,0,1
34,1,1,0,0,0,0
35,0,0,0,0,0,0
36,1,1,1,1,1,1
37,1,1,1,1,1,1
38,0,1,0,0,0,0
39,0,0,0,0,0,0
40,1,1,1,1,1,1
41,1,1,1,1,0,1
42,1,1,1,1,1,1
43,1,1,1,1,0,1
44,1,1,1,1,1,1
45,1,1,0,0,1,1
46,1,1,1,1,1,1
47,1,1,0,0,1,1
48,0,1,1,1,0,1
49,1,1,1,1,1,1
50,1,1,1,0,0,1
51,0,0,0,1,0,0
52,1,1,1,1,1,1
53,0,0,0,0,0,0
54,0,0,0,0,0,0
55,1,1,1,1,1,1
56,1,0,0,0,1,0
57,0,0,0,1,0,0
58,1,1,1,0,0,1
59,1,1,1,1,1,1
60,0,1,1,1,0,1
61,1,1,1,1,0,1
62,0,1,1,1,1,1
63,0,0,0,0,1,0
64,1,1,1,0,0,1
65,0,1,1,1,1,1
66,1,1,1,1,1,1
67,1,1,1,1,1,1
68,0,1,0,1,0,0
69,0,0,1,0,0,0
70,1,1,1,1,1,1
71,0,0,1,1,0,0
72,1,1,1,1,1,1
73,0,1,1,1,0,1
74,0,1,1,1,1,1
75,1,1,1,1,1,1
76,0,0,1,1,0,0
77,1,1,1,1,1,1
78,0,1,1,1,0,1
79,0,1,1,1,0,1
80,1,1,1,1,0,1
81,1,1,1,1,0,1
82,0,1,1,1,0,1
83,0,1,1,1,0,1
84,0,0,0,0,0,0
85,0,1,1,0,0,0
86,0,1,1,1,0,1
87,1,1,1,1,0,1
88,1,1,1,1,0,1
89,0,1,0,1,0,0
90,0,1,0,1,1,1
91,1,1,1,0,0,1
92,0,0,0,0,0,0
93,0,1,1,1,0,1
94,1,1,1,1,0,1
95,1,1,1,1,0,1
96,1,1,1,1,0,1
97,1,1,1,1,0,1
98,1,1,1,1,0,1
99,1,1,0,1,0,1
100,1,1,1,1,0,1
101,1,1,1,1,1,1
102,0,1,1,1,0,1
103,1,1,1,1,0,1
104,0,1,1,0,0,0
105,0,1,1,1,0,1
106,1,1,1,0,0,1
107,1,1,1,1,1,1
108,0,0,1,1,0,0
109,0,0,0,0,0,0
110,1,1,1,1,0,1
111,0,0,0,0,0,0
112,0,0,0,1,0,0
113,0,0,0,0,1,0
114,0,1,1,1,0,1
115,0,0,0,0,0,0
116,1,1,1,0,1,1
117,0,0,0,1,0,0
118,1,1,1,1,1,1
119,1,0,0,1,0,0
120,0,1,1,1,1,1
121,0,0,1,1,1,1
122,0,0,1,0,0,0
123,0,1,0,0,0,0
124,1,1,0,1,0,1
125,1,1,1,1,0,1
126,1,1,1,1,1,1
127,1,1,0,0,0,0
128,1,1,1,1,1,1
129,1,1,1,1,1,1
130,0,0,1,0,0,0
131,1,0,0,0,0,0
132,1,1,1,0,0,1
133,0,0,0,0,0,0
134,1,1,1,1,1,1
135,0,1,1,1,0,1
136,1,1,1,1,1,1
137,1,1,1,0,1,1
138,1,1,0,0,0,0
139,1,1,1,1,1,1
140,1,1,1,1,1,1
141,0,0,1,1,0,0
142,0,1,1,1,0,1
143,1,1,1,0,0,1
144,0,0,1,1,0,0
145,1,1,1,1,1,1
146,0,0,1,1,1,1
147,1,1,1,1,0,1
148,1,1,1,1,1,1
149,1,1,1,1,1,1
150,0,1,1,1,1,1
151,1,1,1,1,1,1
152,1,1,1,1,0,1
153,1,1,0,1,1,1
154,0,0,1,1,0,0
155,1,1,1,1,0,1
156,1,1,1,1,1,1
157,1,1,1,0,1,1
158,0,0,1,1,1,1
159,1,1,1,1,1,1
160,0,1,1,1,0,1
161,0,1,1,1,1,1
162,0,1,1,1,1,1
163,0,1,1,1,0,1
164,0,1,1,1,0,1
165,1,1,1,1,1,1
166,0,1,1,1,1,1
167,0,1,1,1,1,1
168,1,1,0,0,1,1
169,1,1,1,1,1,1
170,1,1,1,1,1,1
171,0,0,1,0,1,0
172,0,1,1,1,0,1
173,1,1,1,1,1,1
174,0,0,1,0,0,0
175,0,0,1,0,0,0
176,1,1,1,1,0,1
177,1,1,1,1,0,1
178,0,0,1,0,0,0
179,0,1,1,1,0,1
180,1,1,1,1,1,1
181,1,1,1,1,1,1
182,1,1,0,1,0,1
183,0,0,0,1,0,0
184,1,1,1,1,1,1
185,1,1,1,1,1,1
186,0,1,1,1,1,1
187,1,0,0,1,1,1
188,0,0,0,0,0,0
189,0,1,1,1,0,1
190,1,0,0,1,0,0
191,1,1,0,1,1,1
192,0,1,1,0,0,0
193,1,1,1,1,0,1
194,1,1,1,1,0,1
195,1,1,1,1,0,1
196,1,1,1,1,0,1
197,0,0,0,1,0,0
198,1,1,1,1,0,1
199,0,1,1,1,0,1
200,0,1,1,0,1,1
201,1,1,1,1,0,1
202,0,1,1,1,0,1
203,1,1,1,1,1,1
204,0,1,1,1,1,1
205,0,0,0,0,0,0
206,1,1,1,1,1,1
207,1,1,1,1,1,1
208,1,1,1,1,1,1
209,0,0,0,1,0,0
210,0,1,0,0,0,0
211,1,1,1,1,1,1
212,0,0,1,1,0,0
213,0,1,1,1,0,1
214,1,1,1,1,1,1
215,1,1,1,1,0,1
216,1,1,1,1,1,1
217,0,1,1,1,1,1
218,0,1,1,1,1,1
219,0,0,1,0,1,0
220,1,1,0,0,0,0
221,1,1,1,1,0,1
222,1,1,1,1,1,1
223,0,1,0,1,0,0
224,0,0,0,1,0,0
225,1,1,1,1,1,1
226,0,0,1,1,1,1
227,0,0,0,0,0,0
228,1,1,1,1,1,1
229,1,1,1,1,1,1
230,1,1,1,1,1,1
231,0,1,1,1,1,1
232,0,0,1,1,0,0
233,0,0,0,0,0,0
234,1,1,1,1,0,1
235,1,1,1,1,0,1
236,1,1,1,1,1,1
237,0,0,0,0,0,0
238,0,0,1,0,0,0
239,1,1,1,0,0,1
240,1,1,0,0,0,0
241,1,1,1,1,1,1
242,1,1,0,0,0,0
243,0,0,0,0,0,0
244,0,0,0,0,0,0
245,0,1,1,1,0,1
246,1,1,1,1,1,1
247,1,1,1,1,1,1
248,1,1,1,1,1,1
249,1,1,1,1,1,1
250,1,1,1,1,1,1
251,1,1,1,1,1,1
252,0,1,1,1,1,1
253,0,1,1,1,1,1
254,0,1,1,1,1,1
255,0,0,1,0,1,0
256,1,1,1,0,1,1
257,1,1,1,1,1,1
258,1,1,1,1,1,1
259,1,1,1,1,0,1
260,0,1,1,1,0,1
261,1,1,1,1,1,1
262,0,0,1,0,1,0
263,1,1,1,1,1,1
264,1,1,1,1,0,1
265,1,1,1,1,1,1
266,1,1,1,1,1,1
267,0,1,1,1,0,1
268,1,1,1,1,0,1
269,0,0,1,0,0,0
270,1,1,1,1,0,1
271,0,1,1,0,0,0
272,1,1,1,1,0,1
273,0,1,1,1,0,1
274,1,1,1,1,0,1
275,0,0,1,1,0,0
276,1,1,1,1,1,1
277,0,0,0,1,0,0
278,1,1,0,1,0,1
279,0,1,1,1,0,1
280,1,1,1,1,0,1
281,1,1,1,1,1,1
282,1,1,0,1,0,1
283,0,0,0,0,0,0
284,1,1,1,1,0,1
285,0,1,1,1,0,1
286,1,1,1,1,1,1
287,0,1,1,0,0,0
288,0,0,0,0,0,0
289,1,1,1,1,0,1
290,0,0,1,0,0,0
291,1,1,1,1,1,1
292,0,0,1,0,0,0
293,1,1,1,1,0,1
294,1,1,1,1,1,1
295,0,0,0,0,0,0
296,1,1,1,1,0,1
297,1,1,1,1,0,1
298,1,0,0,0,0,0
299,1,1,1,1,1,1
300,0,1,1,1,0,1
301,1,1,1,1,1,1
302,1,1,1,1,1,1
303,0,1,1,1,1,1
304,1,1,1,1,0,1
305,1,1,1,1,1,1
306,1,1,1,1,0,1
307,1,1,1,0,0,1
308,1,1,1,1,1,1
309,1,1,1,1,1,1
310,1,1,1,1,1,1
311,0,0,0,0,0,0
312,0,1,1,1,0,1
313,1,1,1,1,0,1
314,1,1,1,0,0,1
315,1,1,1,1,0,1
316,0,1,1,1,0,1
317,1,1,1,1,0,1
318,0,0,1,1,0,0
319,0,0,1,1,0,0
320,0,0,0,0,0,0
321,0,0,0,0,0,0
322,1,1,1,1,1,1
323,0,0,1,1,0,0
324,1,1,1,1,1,1
325,1,1,0,1,0,1
326,1,1,1,1,0,1
327,0,1,1,1,0,1
328,1,1,1,1,0,1
329,1,1,1,1,0,1
330,1,1,1,1,0,1
331,1,0,1,0,0,0
332,0,0,1,1,0,0
333,0,0,1,0,0,0
334,1,1,1,1,1,1
335,0,0,0,0,0,0
336,1,1,1,1,1,1
337,1,1,1,1,1,1
338,1,1,1,1,0,1
339,1,1,1,1,1,1
340,1,1,1,1,1,1
341,1,1,1,1,0,1
342,1,1,1,1,0,1
343,0,1,1,1,0,1
344,1,1,1,1,1,1
345,0,1,1,1,0,1
346,1,0,1,0,0,0
347,1,1,1,1,0,1
348,0,1,1,1,0,1
349,0,0,1,0,0,0
350,1,1,1,1,1,1
351,1,1,1,1,1,1
352,0,1,1,1,0,1
353,1,1,1,1,0,1
354,0,1,1,1,0,1
355,1,1,1,0,0,1
356,1,1,1,1,1,1
357,1,1,1,1,0,1
358,1,1,1,1,0,1
359,0,0,1,0,0,0
360,1,1,1,1,1,1
361,0,1,1,1,0,1
362,1,1,1,1,1,1
363,1,1,1,0,1,1
364,1,1,1,1,0,1
365,1,1,1,1,1,1
366,1,1,1,1,1,1
367,1,1,1,1,0,1
368,1,1,1,1,0,1
369,0,1,0,0,1,0
370,1,1,1,1,1,1
371,0,1,1,1,0,1
372,1,1,1,1,0,1
373,1,1,1,1,0,1
374,1,1,1,1,1,1
375,1,1,1,1,0,1
376,1,0,1,0,0,0
377,1,1,1,1,0,1
378,1,1,1,1,0,1
379,1,1,1,1,1,1
380,0,1,0,1,1,1
381,0,0,0,0,0,0
382,1,1,1,1,0,1
383,1,1,1,1,0,1
384,0,1,1,1,0,1
385,0,0,1,1,0,0
386,1,1,1,1,0,1
387,1,1,1,1,0,1
388,1,1,0,1,0,1
389,1,1,1,1,0,1
390,1,1,1,1,0,1
391,1,1,1,1,1,1
392,1,1,1,1,1,1
393,1,1,0,0,0,0
394,1,1,1,0,0,1
395,1,1,1,1,1,1
396,0,0,0,0,0,0
397,0,0,0,0,0,0
398,0,0,0,0,0,0
399,1,1,1,1,0,1
400,1,1,1,1,0,1
401,1,1,1,1,1,1
402,1,1,1,1,1,1
403,1,1,1,1,1,1
404,1,1,0,0,0,0
405,1,1,1,1,1,1
406,1,1,1,1,0,1
407,0,1,1,1,0,1
408,1,1,1,1,1,1
409,1,1,1,1,0,1
410,0,0,0,0,0,0
411,1,1,1,1,0,1
412,1,1,1,1,0,1
413,0,0,1,1,0,0
414,1,1,0,1,0,1
415,1,1,0,0,0,0
416,1,1,1,1,1,1
417,1,1,1,1,0,1
418,0,0,1,1,0,0
419,1,1,1,1,0,1
420,1,1,1,1,1,1
421,1,1,1,1,0,1
422,1,1,1,1,0,1
423,1,1,1,1,1,1
424,1,1,1,1,0,1
425,1,1,0,1,0,1
426,1,1,0,1,0,1
427,1,1,1,1,1,1
428,1,1,1,1,0,1
429,1,1,1,1,1,1
430,1,1,1,1,1,1
431,1,1,1,1,1,1
432,1,1,1,1,1,1
433,1,1,0,1,0,1
434,1,0,1,1,0,1
435,1,1,1,1,1,1
436,0,0,1,1,1,1
437,1,1,1,1,1,1
438,0,0,0,1,0,0
439,1,1,1,1,1,1
440,0,0,1,0,0,0
441,0,1,0,0,0,0
442,1,1,0,0,1,1
443,1,1,1,1,1,1
444,1,1,0,0,0,0
445,1,1,0,1,0,1
446,1,1,1,1,0,1
447,1,1,1,0,0,1
448,1,1,1,1,0,1
449,1,1,0,0,1,1
450,1,1,1,1,1,1
451,1,1,1,1,0,1
452,1,1,0,1,0,1
453,1,1,1,1,1,1
454,1,1,1,1,0,1
455,1,1,1,1,0,1
456,1,1,1,1,0,1
457,1,1,1,1,0,1
458,1,1,1,1,1,1
459,0,0,1,1,0,0
460,1,1,1,1,1,1
461,0,1,1,1,0,1
462,1,1,1,1,1,1
463,1,1,1,1,1,1
464,0,0,1,1,0,0
465,1,1,0,0,0,0
466,1,1,1,1,1,1
467,1,1,0,0,1,1
468,0,0,0,0,0,0
469,1,1,1,1,1,1
470,1,1,1,1,1,1
471,0,0,0,0,0,0
472,1,1,1,1,1,1
473,0,0,1,1,1,1
474,1,1,1,1,1,1
475,1,1,1,1,0,1
476,0,1,1,1,1,1
477,0,0,0,0,0,0
478,1,1,1,1,0,1
479,1,1,1,1,1,1
480,1,0,0,0,0,0
481,1,1,1,1,1,1
482,0,0,0,0,0,0
483,1,1,1,1,1,1
484,1,1,1,1,1,1
485,0,1,1,1,0,1
486,0,0,1,0,0,0
487,0,1,1,0,1,1
488,0,0,0,0,0,0
489,1,1,1,1,1,1
490,1,1,1,1,1,1
491,1,1,1,1,1,1
492,1,1,1,1,1,1
493,0,1,1,1,1,1
494,0,0,0,0,0,0
495,1,1,1,1,1,1
496,1,1,1,1,1,1
497,1,1,0,1,1,1
498,1,1,1,1,1,1
499,1,0,0,0,0,0
500,1,1,1,1,1,1
501,1,1,1,1,1,1
502,0,1,1,1,1,1
503,1,1,1,1,1,1
504,0,0,1,0,0,0
505,0,1,1,1,1,1
506,0,1,1,1,1,1
507,1,1,1,1,1,1
508,1,1,1,1,0,1
509,1,1,1,1,0,1
510,1,1,1,0,1,1
511,1,1,1,1,1,1
512,1,1,1,1,0,1
513,0,1,1,1,1,1
514,1,1,1,1,1,1
515,0,0,0,0,0,0
516,0,0,0,0,0,0
517,1,1,1,1,1,1
518,1,1,1,1,1,1
519,0,0,0,0,0,0
520,1,1,1,1,0,1
521,1,1,1,1,1,1
522,1,1,1,1,1,1
523,1,1,1,1,1,1
524,0,0,0,0,0,0
525,1,1,1,1,1,1
526,1,1,1,1,1,1
527,1,1,1,1,1,1
528,0,1,1,1,1,1
529,0,0,1,1,1,1
530,0,0,0,0,0,0
531,1,0,0,1,0,0
532,1,1,1,1,1,1
533,0,0,0,0,0,0
534,0,0,1,1,0,0
535,1,1,1,1,0,1
536,1,1,1,1,1,1
537,1,1,1,1,0,1
538,1,1,1,1,1,1
539,1,1,1,1,1,1
540,1,1,1,1,1,1
541,1,1,1,1,1,1
542,0,1,1,1,1,1
543,1,1,1,1,0,1
544,1,1,1,1,1,1
545,1,1,1,1,1,1
546,1,1,1,1,1,1
547,1,1,1,1,1,1
548,1,1,1,1,1,1
549,1,1,1,1,1,1
550,0,0,0,0,0,0
551,0,0,1,1,1,1
552,1,1,1,1,1,1
553,1,1,1,1,1,1
554,1,1,1,1,1,1
555,1,1,1,1,0,1
556,1,1,1,1,1,1
557,1,0,1,1,0,1
558,1,1,1,1,0,1
559,1,1,1,1,1,1
560,0,0,1,0,0,0
561,0,0,0,0,0,0
562,1,1,1,1,0,1
563,1,1,1,1,1,1
564,1,1,1,1,0,1
565,1,1,1,1,1,1
566,1,1,1,1,0,1
567,0,1,1,1,1,1
568,0,0,1,1,0,0
569,1,1,0,0,1,1
570,1,1,1,1,1,1
571,0,0,1,1,0,0
572,0,1,0,0,0,0
573,1,1,1,1,0,1
574,1,1,1,1,1,1
575,0,1,1,1,1,1
576,1,1,1,1,1,1
577,1,1,1,1,1,1
578,0,1,1,1,1,1
579,1,1,1,1,1,1
580,0,0,0,0,0,0
581,1,1,1,1,1,1
582,1,1,1,1,1,1
583,1,1,1,1,1,1
584,1,1,1,1,0,1
585,0,0,0,0,0,0
586,0,0,1,1,0,0
587,1,1,1,1,0,1
588,0,0,1,1,0,0
589,0,1,1,1,0,1
590,1,1,1,1,1,1
591,0,0,1,1,0,0
592,0,0,0,0,0,0
593,1,1,1,1,1,1
594,1,1,1,1,0,1
595,1,1,1,1,1,1
596,0,1,1,1,1,1
597,0,0,1,0,0,0
598,1,1,1,1,1,1
599,1,1,1,1,1,1
600,0,0,1,1,0,0
601,1,1,1,1,1,1
602,1,1,1,1,1,1
603,0,0,1,1,0,0
604,1,1,1,1,1,1
605,1,1,1,1,0,1
606,1,1,1,1,1,1
607,1,1,0,0,1,1
608,1,1,1,1,0,1
609,1,1,1,1,0,1
610,1,1,1,1,0,1
611,1,1,1,1,1,1
612,0,0,0,0,0,0
613,1,1,1,1,1,1
614,1,1,1,1,1,1
615,1,1,1,1,1,1
616,0,0,0,0,0,0
617,1,1,1,1,0,1
618,0,0,0,0,0,0
619,0,1,1,1,0,1
620,0,0,0,0,0,0
621,1,1,1,1,0,1
622,1,1,1,1,0,1
623,1,1,1,1,1,1
624,1,1,1,1,0,1
625,1,1,1,1,1,1
626,1,1,1,1,0,1
627,0,0,0,0,0,0
628,1,1,1,1,1,1
629,0,1,1,1,1,1
630,1,1,1,1,1,1
631,0,0,0,0,0,0
632,1,1,0,0,1,1
633,0,0,0,0,0,0
634,0,1,1,1,0,1
635,1,1,1,1,0,1
636,0,0,1,1,0,0
637,1,1,1,1,1,1
638,1,1,1,1,1,1
639,0,1,1,1,0,1
640,1,1,1,1,1,1
641,1,1,1,1,0,1
642,0,0,1,1,0,0
643,1,1,1,1,0,1
644,1,1,1,1,1,1
645,1,1,1,0,1,1
646,0,0,1,1,0,0
647,0,1,1,1,0,1
648,1,1,1,1,0,1
649,1,1,1,1,0,1
650,0,0,0,0,0,0
651,0,1,1,1,0,1
652,1,1,1,1,0,1
653,1,1,1,1,1,1
654,1,1,1,1,1,1
655,1,1,1,1,1,1
656,1,1,1,1,1,1
657,1,1,1,1,1,1
658,0,1,1,1,1,1
659,1,1,0,0,0,0
660,1,1,0,0,0,0
661,1,1,1,1,1,1
662,1,1,1,1,1,1
663,1,1,1,1,0,1
664,1,1,1,1,1,1
665,0,0,0,0,0,0
666,1,1,1,1,1,1
667,1,1,1,1,1,1
668,0,0,1,1,1,1
669,0,1,1,1,0,1
670,1,1,1,1,0,1
671,0,0,0,0,0,0
672,1,1,1,1,1,1
673,0,1,1,1,0,1
674,1,1,1,1,1,1
675,1,1,1,1,0,1
676,0,0,0,0,0,0
677,0,0,0,1,0,0
678,1,1,1,1,0,1
679,1,1,1,1,0,1
680,1,1,1,1,0,1
681,1,1,1,1,0,1
682,1,1,1,1,1,1
683,1,1,0,0,0,0
684,1,1,1,1,1,1
685,1,1,1,1,1,1
686,0,0,1,1,0,0
687,1,1,0,0,0,0
688,1,1,0,0,0,0
689,1,1,1,1,0,1
690,1,1,1,1,1,1
691,1,1,1,1,1,1
692,1,1,1,1,1,1
693,0,0,1,1,0,0
694,1,1,1,1,0,1
695,1,1,1,1,0,1
696,1,1,1,1,1,1
697,1,1,1,1,0,1
698,1,1,1,1,0,1
699,0,0,1,0,0,0
700,1,1,1,1,1,1
701,0,0,0,0,0,0
702,1,1,1,1,1,1
703,1,1,1,1,1,1
704,1,1,1,1,1,1
705,1,0,0,0,0,0
706,1,1,1,1,1,1
707,1,1,1,1,1,1
708,1,1,1,1,1,1
709,0,1,1,1,1,1
710,1,1,1,1,1,1
711,1,1,1,1,1,1
712,1,1,1,1,1,1
713,0,1,1,1,1,1
714,1,1,1,1,1,1
715,1,1,1,1,1,1
716,1,1,1,1,1,1
717,1,1,1,1,1,1
718,1,1,1,1,1,1
719,1,1,1,1,1,1
720,0,0,0,0,0,0
721,1,1,0,0,0,0
722,0,0,0,0,0,0
723,1,1,1,1,1,1
724,1,1,0,0,1,1
725,1,0,1,1,0,1
726,1,1,1,1,1,1
727,1,1,1,1,1,1
728,1,1,1,1,1,1
729,1,1,1,1,1,1
730,0,1,1,1,0,1
731,1,1,1,1,1,1
732,1,1,1,1,1,1
733,1,1,0,0,0,0
734,1,0,1,1,0,1
735,0,1,1,1,1,1
736,1,1,1,1,1,1
737,0,0,0,0,0,0
738,1,1,1,1,0,1
739,1,1,1,1,1,1
740,0,0,0,0,0,0
741,1,1,1,1,1,1
742,0,1,1,1,0,1
743,1,1,1,1,1,1
744,0,1,1,1,1,1
745,0,0,0,0,0,0
746,1,0,1,1,0,1
747,1,1,1,1,1,1
748,0,0,1,1,1,1
749,0,0,0,0,0,0
750,1,1,1,1,1,1
751,1,1,1,1,0,1
752,1,1,1,1,1,1
753,1,1,1,1,1,1
754,1,1,1,1,1,1
755,1,1,1,1,0,1
756,1,1,1,1,0,1
757,0,0,1,1,0,0
758,1,1,1,1,1,1
759,0,0,0,0,0,0
760,1,1,0,0,1,1
761,0,0,1,1,0,0
762,1,1,1,1,1,1
763,0,1,1,1,1,1
764,0,1,1,1,1,1
765,1,1,1,1,0,1
766,0,0,0,0,0,0
767,1,1,1,1,1,1
768,0,0,1,1,0,0
769,0,1,1,1,0,1
770,0,1,1,1,1,1
771,1,1,1,1,1,1
772,0,0,1,1,0,0
773,0,0,0,0,0,0
774,1,1,1,1,1,1
775,1,1,1,1,1,1
776,1,1,1,1,1,1
777,1,1,1,1,1,1
778,1,1,1,1,0,1
779,0,0,0,0,0,0
780,1,1,1,1,0,1
781,1,1,1,1,1,1
782,0,1,1,1,0,1
783,1,1,1,1,1,1
784,0,0,0,0,0,0
785,1,1,1,1,1,1
786,1,1,1,1,1,1
787,1,1,1,1,1,1
788,1,1,1,1,1,1
789,0,0,0,0,0,0
790,1,1,1,1,1,1
791,0,1,1,1,0,1
792,0,0,0,0,0,0
793,1,1,1,1,0,1
794,0,1,0,0,1,0
795,0,0,1,1,0,0
796,0,0,0,0,0,0
797,1,1,1,1,1,1
798,0,0,0,0,0,0
799,1,1,1,1,1,1
800,1,1,1,1,1,1
801,1,1,1,1,0,1
802,0,0,1,1,0,0
803,0,1,1,1,0,1
804,1,1,1,1,0,1
805,0,1,1,1,0,1
806,1,1,1,1,1,1
807,1,1,1,1,0,1
808,1,1,1,1,0,1
809,1,1,1,1,1,1
810,1,1,1,1,0,1
811,1,1,1,1,0,1
812,0,0,0,0,0,0
813,0,1,1,1,0,1
814,1,1,1,1,1,1
815,1,1,1,1,0,1
816,1,1,1,1,0,1
817,1,1,1,1,0,1
818,0,1,0,0,0,0
819,1,1,1,1,0,1
820,0,0,0,0,0,0
821,0,0,0,0,0,0
822,0,1,0,0,0,0
823,1,1,0,0,1,1
824,1,1,1,1,0,1
825,1,1,1,1,1,1
826,1,1,0,1,0,1
827,1,1,1,1,0,1
828,1,1,0,1,1,1
829,0,0,0,0,0,0
830,1,1,1,1,1,1
831,1,1,0,0,0,0
832,1,1,1,1,1,1
833,0,0,0,0,0,0
834,0,1,1,1,1,1
835,1,1,0,0,0,0
836,1,1,1,1,0,1
837,1,1,1,1,0,1
838,0,0,0,0,0,0
839,1,1,1,1,1,1
840,1,1,1,1,0,1
841,1,1,1,1,0,1
842,1,1,1,1,0,1
843,1,1,1,1,0,1
844,1,1,1,1,1,1
845,1,1,1,1,0,1
846,1,1,1,1,0,1
847,1,1,1,1,0,1
848,0,0,0,0,0,0
849,1,1,0,0,0,0
850,0,0,0,0,0,0
851,1,1,1,1,0,1
852,1,0,1,1,0,1
853,0,0,0,0,0,0
854,1,1,1,1,0,1
855,1,1,1,1,0,1
856,1,1,1,1,0,1
857,0,1,1,1,0,1
858,0,0,0,0,0,0
859,1,1,1,1,1,1
860,1,1,1,1,0,1
861,1,1,1,1,0,1
862,1,1,1,1,0,1
863,1,1,1,1,0,1
864,1,1,1,1,0,1
865,1,1,1,1,1,1
866,1,1,1,1,1,1
867,1,1,1,1,0,1
868,1,1,1,1,1,1
869,1,1,1,1,1,1
870,1,1,1,1,0,1
871,0,1,1,1,0,1
872,1,1,1,0,0,1
873,1,1,1,1,0,1
874,1,1,1,1,0,1
875,1,1,1,1,1,1
876,0,0,0,0,0,0
877,1,1,1,1,1,1
878,0,1,1,1,0,1
879,0,0,0,0,0,0
880,1,1,1,1,0,1
881,0,0,0,0,0,0
882,0,1,1,1,0,1
883,1,1,1,1,0,1
884,1,1,1,1,0,1
885,1,1,1,1,0,1
886,1,1,1,1,0,1
887,1,1,1,1,1,1
888,1,1,1,1,0,1
889,1,1,1,1,0,1
890,0,1,1,1,0,1
891,0,1,1,1,0,1
892,0,1,1,1,0,1
893,1,1,1,1,0,1
894,1,1,1,1,0,1
895,1,1,1,1,0,1
896,1,1,0,1,0,1
897,0,0,0,0,0,0
898,0,0,0,0,0,0
899,0,1,1,1,0,1
900,1,1,1,1,1,1
901,1,1,1,1,1,1
902,0,0,1,1,1,1
903,1,1,1,1,1,1
904,1,1,1,1,1,1
905,0,1,1,1,1,1
906,0,0,1,1,0,0
907,1,1,1,1,0,1
908,0,1,1,1,0,1
909,0,0,0,0,0,0
910,1,1,1,1,0,1
911,0,0,0,0,0,0
912,1,1,1,1,0,1
913,1,1,1,1,1,1
914,1,1,0,0,0,0
915,1,1,1,1,1,1
916,0,0,0,0,0,0
917,1,1,1,1,0,1
918,1,1,0,0,0,0
919,1,1,1,1,0,1
920,0,1,1,1,0,1
921,1,1,1,1,1,1
922,1,1,1,1,0,1
923,1,1,1,1,0,1
924,1,1,1,1,1,1
925,1,1,1,1,1,1
926,1,1,0,0,0,0
927,1,1,1,1,1,1
928,1,1,1,1,0,1
929,1,1,1,1,0,1
930,1,1,1,1,0,1
931,0,0,0,0,0,0
932,1,1,1,1,1,1
933,1,1,1,1,0,1
934,1,1,1,1,1,1
935,1,1,1,1,0,1
936,0,1,1,1,1,1
937,0,0,1,1,0,0
938,1,1,1,1,0,1
939,1,1,0,0,0,0
940,0,1,1,1,0,1
941,1,1,1,1,0,1
942,1,1,1,1,1,1
943,1,1,1,1,0,1
944,1,1,1,1,0,1
945,1,1,1,1,0,1
946,1,1,1,1,0,1
947,1,1,1,1,0,1
948,1,1,1,1,0,1
949,0,0,0,0,0,0
950,1,1,1,1,0,1
951,1,1,1,1,1,1
952,1,1,1,1,1,1
953,0,1,1,1,0,1
954,1,0,0,0,0,0
955,1,1,1,1,0,1
956,1,1,1,1,0,1
957,1,1,0,0,0,0
958,1,1,1,1,0,1
959,0,0,1,1,0,0
960,1,1,1,1,1,1
961,1,1,1,1,0,1
962,1,1,1,1,0,1
963,1,1,1,1,0,1
964,0,0,1,1,0,0
965,1,1,1,1,1,1
966,1,1,1,1,0,1
967,1,1,1,1,0,1
968,0,1,0,0,0,0
969,1,1,1,1,0,1
970,1,1,1,1,0,1
971,0,0,0,0,0,0
972,1,1,1,1,0,1
973,1,1,1,1,1,1
974,1,1,1,1,0,1
975,1,1,1,1,0,1
976,0,0,0,0,0,0
977,1,1,1,1,0,1
978,1,1,1,1,1,1
979,1,1,1,1,0,1
980,1,1,1,1,1,1
981,0,1,1,1,0,1
982,1,1,1,1,1,1
983,0,0,0,0,0,0
984,1,0,0,0,0,0
985,1,1,1,1,0,1
986,1,1,0,0,0,0
987,0,1,1,1,0,1
988,1,1,1,1,0,1
989,0,1,1,1,0,1
990,1,1,0,0,0,0
991,1,1,0,0,0,0
992,1,1,1,1,0,1
993,0,0,0,0,0,0
994,0,1,0,0,1,0
995,1,1,1,1,1,1
996,0,0,1,1,0,0
997,1,1,1,1,1,1
998,0,0,0,0,0,0
999,1,1,1,1,0,1
